Workbook

Sheet Efficiency Orig
A2: Vitesse (RPM) | B2: Couple (Nm) | C2: Cos φ | D2: Cat | E2: Size
A3: 3003 | B3: 16.1 | C3: 0.21 | D3: =IF(C3<=0.5, 1, IF(C3 <= 0.7, 2, IF(C3 <= 0.8, 3, IF(C3 <= 0.9, 4, IF(C3 <= 1.01, 5, NA()))))) -> 1 | E3: 1
A4: 1546 | B4: 18.8 | C4: 0.41 | D4: =IF(C4<=0.5, 1, IF(C4 <= 0.7, 2, IF(C4 <= 0.8, 3, IF(C4 <= 0.9, 4, IF(C4 <= 1.01, 5, NA()))))) -> 1 | E4: 1
A5: 1230 | B5: 31 | C5: 0.54 | D5: =IF(C5<=0.5, 1, IF(C5 <= 0.7, 2, IF(C5 <= 0.8, 3, IF(C5 <= 0.9, 4, IF(C5 <= 1.01, 5, NA()))))) -> 2 | E5: 1
A6: 2445 | B6: 7.8 | C6: 0.58 | D6: =IF(C6<=0.5, 1, IF(C6 <= 0.7, 2, IF(C6 <= 0.8, 3, IF(C6 <= 0.9, 4, IF(C6 <= 1.01, 5, NA()))))) -> 2 | E6: 1
A7: 929 | B7: 33.5 | C7: 0.59 | D7: =IF(C7<=0.5, 1, IF(C7 <= 0.7, 2, IF(C7 <= 0.8, 3, IF(C7 <= 0.9, 4, IF(C7 <= 1.01, 5, NA()))))) -> 2 | E7: 1
A8: 1224 | B8: 39.6 | C8: 0.61 | D8: =IF(C8<=0.5, 1, IF(C8 <= 0.7, 2, IF(C8 <= 0.8, 3, IF(C8 <= 0.9, 4, IF(C8 <= 1.01, 5, NA()))))) -> 2 | E8: 1
A9: 1531 | B9: 33.2 | C9: 0.62 | D9: =IF(C9<=0.5, 1, IF(C9 <= 0.7, 2, IF(C9 <= 0.8, 3, IF(C9 <= 0.9, 4, IF(C9 <= 1.01, 5, NA()))))) -> 2 | E9: 1
A10: 1835 | B10: 15.9 | C10: 0.66 | D10: =IF(C10<=0.5, 1, IF(C10 <= 0.7, 2, IF(C10 <= 0.8, 3, IF(C10 <= 0.9, 4, IF(C10 <= 1.01, 5, NA()))))) -> 2 | E10: 1
A11: 922 | B11: 43 | C11: 0.66 | D11: =IF(C11<=0.5, 1, IF(C11 <= 0.7, 2, IF(C11 <= 0.8, 3, IF(C11 <= 0.9, 4, IF(C11 <= 1.01, 5, NA()))))) -> 2 | E11: 1
A12: 615 | B12: 48.2 | C12: 0.67 | D12: =IF(C12<=0.5, 1, IF(C12 <= 0.7, 2, IF(C12 <= 0.8, 3, IF(C12 <= 0.9, 4, IF(C12 <= 1.01, 5, NA()))))) -> 2 | E12: 1
A13: 2132 | B13: 13.7 | C13: 0.7 | D13: =IF(C13<=0.5, 1, IF(C13 <= 0.7, 2, IF(C13 <= 0.8, 3, IF(C13 <= 0.9, 4, IF(C13 <= 1.01, 5, NA()))))) -> 2 | E13: 1
A14: 2445 | B14: 11.8 | C14: 0.71 | D14: =IF(C14<=0.5, 1, IF(C14 <= 0.7, 2, IF(C14 <= 0.8, 3, IF(C14 <= 0.9, 4, IF(C14 <= 1.01, 5, NA()))))) -> 3 | E14: 1
... A99: 2653 | B99: 40.6 | C99: 1.01 | D99: =IF(C99<=0.5, 1, IF(C99 <= 0.7, 2, IF(C99 <= 0.8, 3, IF(C99 <= 0.9, 4, IF(C99 <= 1.01, 5, NA()))))) -> 5 | E99: 1
A100: 0 | B100: 0 | C100: 0 | D100: =IF(C100<=0.5, 1, IF(C100 <= 0.7, 2, IF(C100 <= 0.8, 3, IF(C100 <= 0.9, 4, IF(C100 <= 1.01, 5, NA()))))) -> 1 | E100: 100 | G100: data for bubble format

Sheet Efficiency randomly modified
A2: Vitesse (RPM) | B2: Couple (Nm) | C2: Cos φ | D2: Cat | E2: Size
A3: ='Efficiency Orig'!A3 * RANDBETWEEN(95, 105) / 100 -> 3033.03 | B3: ='Efficiency Orig'!B3 * RANDBETWEEN(95, 105) / 100 -> 16.261 | C3: ='Efficiency Orig'!C3 * RANDBETWEEN(95, 105) / 100 -> 0.2142 | D3: =IF(C3<=0.5, 1, IF(C3 <= 0.7, 2, IF(C3 <= 0.8, 3, IF(C3 <= 0.9, 4, IF(C3 <= 1.01, 5, NA()))))) -> 1 | E3: 1
A4: ='Efficiency Orig'!A4 * RANDBETWEEN(95, 105) / 100 -> 1576.92 | B4: ='Efficiency Orig'!B4 * RANDBETWEEN(95, 105) / 100 -> 18.236 | C4: ='Efficiency Orig'!C4 * RANDBETWEEN(95, 105) / 100 -> 0.4141 | D4: =IF(C4<=0.5, 1, IF(C4 <= 0.7, 2, IF(C4 <= 0.8, 3, IF(C4 <= 0.9, 4, IF(C4 <= 1.01, 5, NA()))))) -> 1 | E4: 1
A5: ='Efficiency Orig'!A5 * RANDBETWEEN(95, 105) / 100 -> 1180.8 | B5: ='Efficiency Orig'!B5 * RANDBETWEEN(95, 105) / 100 -> 32.24 | C5: ='Efficiency Orig'!C5 * RANDBETWEEN(95, 105) / 100 -> 0.5346 | D5: =IF(C5<=0.5, 1, IF(C5 <= 0.7, 2, IF(C5 <= 0.8, 3, IF(C5 <= 0.9, 4, IF(C5 <= 1.01, 5, NA()))))) -> 2 | E5: 1
A6: ='Efficiency Orig'!A6 * RANDBETWEEN(95, 105) / 100 -> 2371.65 | B6: ='Efficiency Orig'!B6 * RANDBETWEEN(95, 105) / 100 -> 7.644 | C6: ='Efficiency Orig'!C6 * RANDBETWEEN(95, 105) / 100 -> 0.609 | D6: =IF(C6<=0.5, 1, IF(C6 <= 0.7, 2, IF(C6 <= 0.8, 3, IF(C6 <= 0.9, 4, IF(C6 <= 1.01, 5, NA()))))) -> 2 | E6: 1
A7: ='Efficiency Orig'!A7 * RANDBETWEEN(95, 105) / 100 -> 938.29 | B7: ='Efficiency Orig'!B7 * RANDBETWEEN(95, 105) / 100 -> 31.825 | C7: ='Efficiency Orig'!C7 * RANDBETWEEN(95, 105) / 100 -> 0.59 | D7: =IF(C7<=0.5, 1, IF(C7 <= 0.7, 2, IF(C7 <= 0.8, 3, IF(C7 <= 0.9, 4, IF(C7 <= 1.01, 5, NA()))))) -> 2 | E7: 1
A8: ='Efficiency Orig'!A8 * RANDBETWEEN(95, 105) / 100 -> 1187.28 | B8: ='Efficiency Orig'!B8 * RANDBETWEEN(95, 105) / 100 -> 39.996 | C8: ='Efficiency Orig'!C8 * RANDBETWEEN(95, 105) / 100 -> 0.5795 | D8: =IF(C8<=0.5, 1, IF(C8 <= 0.7, 2, IF(C8 <= 0.8, 3, IF(C8 <= 0.9, 4, IF(C8 <= 1.01, 5, NA()))))) -> 2 | E8: 1
A9: ='Efficiency Orig'!A9 * RANDBETWEEN(95, 105) / 100 -> 1454.45 | B9: ='Efficiency Orig'!B9 * RANDBETWEEN(95, 105) / 100 -> 33.2 | C9: ='Efficiency Orig'!C9 * RANDBETWEEN(95, 105) / 100 -> 0.589 | D9: =IF(C9<=0.5, 1, IF(C9 <= 0.7, 2, IF(C9 <= 0.8, 3, IF(C9 <= 0.9, 4, IF(C9 <= 1.01, 5, NA()))))) -> 2 | E9: 1
A10: ='Efficiency Orig'!A10 * RANDBETWEEN(95, 105) / 100 -> 1908.4 | B10: ='Efficiency Orig'!B10 * RANDBETWEEN(95, 105) / 100 -> 16.059 | C10: ='Efficiency Orig'!C10 * RANDBETWEEN(95, 105) / 100 -> 0.6732 | D10: =IF(C10<=0.5, 1, IF(C10 <= 0.7, 2, IF(C10 <= 0.8, 3, IF(C10 <= 0.9, 4, IF(C10 <= 1.01, 5, NA()))))) -> 2 | E10: 1
A11: ='Efficiency Orig'!A11 * RANDBETWEEN(95, 105) / 100 -> 931.22 | B11: ='Efficiency Orig'!B11 * RANDBETWEEN(95, 105) / 100 -> 41.71 | C11: ='Efficiency Orig'!C11 * RANDBETWEEN(95, 105) / 100 -> 0.6402 | D11: =IF(C11<=0.5, 1, IF(C11 <= 0.7, 2, IF(C11 <= 0.8, 3, IF(C11 <= 0.9, 4, IF(C11 <= 1.01, 5, NA()))))) -> 2 | E11: 1
A12: ='Efficiency Orig'!A12 * RANDBETWEEN(95, 105) / 100 -> 590.4 | B12: ='Efficiency Orig'!B12 * RANDBETWEEN(95, 105) / 100 -> 49.646 | C12: ='Efficiency Orig'!C12 * RANDBETWEEN(95, 105) / 100 -> 0.6633 | D12: =IF(C12<=0.5, 1, IF(C12 <= 0.7, 2, IF(C12 <= 0.8, 3, IF(C12 <= 0.9, 4, IF(C12 <= 1.01, 5, NA()))))) -> 2 | E12: 1
A13: ='Efficiency Orig'!A13 * RANDBETWEEN(95, 105) / 100 -> 2174.64 | B13: ='Efficiency Orig'!B13 * RANDBETWEEN(95, 105) / 100 -> 13.426 | C13: ='Efficiency Orig'!C13 * RANDBETWEEN(95, 105) / 100 -> 0.693 | D13: =IF(C13<=0.5, 1, IF(C13 <= 0.7, 2, IF(C13 <= 0.8, 3, IF(C13 <= 0.9, 4, IF(C13 <= 1.01, 5, NA()))))) -> 2 | E13: 1
A14: ='Efficiency Orig'!A14 * RANDBETWEEN(95, 105) / 100 -> 2469.45 | B14: ='Efficiency Orig'!B14 * RANDBETWEEN(95, 105) / 100 -> 11.564 | C14: ='Efficiency Orig'!C14 * RANDBETWEEN(95, 105) / 100 -> 0.6887 | D14: =IF(C14<=0.5, 1, IF(C14 <= 0.7, 2, IF(C14 <= 0.8, 3, IF(C14 <= 0.9, 4, IF(C14 <= 1.01, 5, NA()))))) -> 2 | E14: 1
... A98: ='Efficiency Orig'!A98 * RANDBETWEEN(95, 105) / 100 -> 2470.65 | B98: ='Efficiency Orig'!B98 * RANDBETWEEN(95, 105) / 100 -> 47.627 | C98: ='Efficiency Orig'!C98 * RANDBETWEEN(95, 105) / 100 -> 0.97 | D98: =IF(C98<=0.5, 1, IF(C98 <= 0.7, 2, IF(C98 <= 0.8, 3, IF(C98 <= 0.9, 4, IF(C98 <= 1.01, 5, NA()))))) -> 5 | E98: 1
A99: ='Efficiency Orig'!A99 * RANDBETWEEN(95, 105) / 100 -> 2679.53 | B99: ='Efficiency Orig'!B99 * RANDBETWEEN(95, 105) / 100 -> 39.788 | C99: ='Efficiency Orig'!C99 * RANDBETWEEN(95, 100) / 100 -> 0.9797 | D99: =IF(C99<=0.5, 1, IF(C99 <= 0.7, 2, IF(C99 <= 0.8, 3, IF(C99 <= 0.9, 4, IF(C99 <= 1.01, 5, NA()))))) -> 5 | E99: 1
A100: 0 | B100: 0 | C100: 0 | D100: =IF(C100<=0.5, 1, IF(C100 <= 0.7, 2, IF(C100 <= 0.8, 3, IF(C100 <= 0.9, 4, IF(C100 <= 1.01, 5, NA()))))) -> 1 | E100: 100 | G100: data for bubble format

Sheet Efficiency frozen modification
A2: Vitesse (RPM) | B2: Couple (Nm) | C2: Cos φ | D2: Cat | E2: Size
A3: 2852.85 | B3: 16.583 | C3: 0.2037 | D3: 1 | E3: 1
A4: 1468.7 | B4: 18.988 | C4: 0.4264 | D4: 1 | E4: 1
A5: 1230 | B5: 29.45 | C5: 0.5562 | D5: 2 | E5: 1
A6: 2347.2 | B6: 7.644 | C6: 0.5916 | D6: 2 | E6: 1
A7: 956.87 | B7: 32.495 | C7: 0.5723 | D7: 2 | E7: 1
A8: 1260.72 | B8: 38.412 | C8: 0.5917 | D8: 2 | E8: 1
A9: 1607.55 | B9: 33.2 | C9: 0.6014 | D9: 2 | E9: 1
A10: 1890.05 | B10: 15.582 | C10: 0.6534 | D10: 2 | E10: 1
A11: 894.34 | B11: 40.85 | C11: 0.627 | D11: 2 | E11: 1
A12: 596.55 | B12: 49.164 | C12: 0.6767 | D12: 2 | E12: 1
A13: 2195.96 | B13: 13.289 | C13: 0.735 | D13: 3 | E13: 1
A14: 2371.65 | B14: 12.272 | C14: 0.6745 | D14: 2 | E14: 1
... A99: 2546.88 | B99: 39.382 | C99: 0.9595 | D99: 5 | E99: 1
A100: 0 | B100: 0 | C100: 0 | D100: 1 | E100: 100 | G100: data for bubble format

Sheet Carac Orig
A1: Vitesse (RPM) | B1: Puissance 5 min (W) | C1: Couple 5 min (Nm) | D1: Puissance 30 min (W) | E1: Couple 30 min (Nm) | F1: Puissance 60 min (W) | G1: Couple 60 min (Nm)
A2: 200 | B2: 2000 | C2: 95 | D2: 1300 | E2: 65 | F2: 600 | G2: 41
A3: 500 | B3: 5000 | C3: 95 | D3: 3700 | E3: 65 | F3: 2500 | G3: 41
A4: 1000 | B4: 10000 | C4: 95 | D4: 6900 | E4: 65 | F4: 4500 | G4: 41
A5: 1650 | B5: 16000 | C5: 95 | D5: 10200 | E5: 65 | F5: 6200 | G5: 41
A6: 2000 | B6: 17800 | C6: 85 | D6: 13100 | E6: 65 | F6: 8500 | G6: 41
A7: 2300 | B7: 17500 | C7: 73 | D7: 15500 | E7: 65 | F7: 10000 | G7: 41
A8: 2500 | B8: 16000 | C8: 63 | D8: 14000 | E8: 55 | F8: 11000 | G8: 41
A9: 3000 | B9: 14700 | C9: 47 | D9: 13000 | E9: 43 | F9: 12000 | G9: 38
A10: 3500 | B10: 11900 | C10: 32 | D10: 11500 | E10: 31 | F10: 11000 | G10: 30
A11: 4000 | B11: 10100 | C11: 25 | D11: 10100 | E11: 25 | F11: 10100 | G11: 25
A12: 4500 | B12: 9500 | C12: 20 | D12: 9500 | E12: 20 | F12: 9500 | G12: 20

Sheet Carac randomly modified
A1: Vitesse (RPM) | B1: Puissance 5 min (W) | C1: Couple 5 min (Nm) | D1: Puissance 30 min (W) | E1: Couple 30 min (Nm) | F1: Puissance 60 min (W) | G1: Couple 60 min (Nm)
A2: ='Carac Orig'!A2 -> 200 | B2: ='Carac Orig'!B2 -> 2000 | C2: ='Carac Orig'!C2*$C$14 -> 92.15 | D2: ='Carac Orig'!D2*$D$14 -> 1339 | E2: ='Carac Orig'!E2*$E$14 -> 66.95 | F2: ='Carac Orig'!F2*$F$14 -> 612 | G2: ='Carac Orig'!G2*$G$14 -> 42.23
A3: ='Carac Orig'!A3 -> 500 | B3: ='Carac Orig'!B3 -> 5000 | C3: ='Carac Orig'!C3*$C$14 -> 92.15 | D3: ='Carac Orig'!D3*$D$14 -> 3811 | E3: ='Carac Orig'!E3*$E$14 -> 66.95 | F3: ='Carac Orig'!F3*$F$14 -> 2550 | G3: ='Carac Orig'!G3*$G$14 -> 42.23
A4: ='Carac Orig'!A4 -> 1000 | B4: ='Carac Orig'!B4 -> 10000 | C4: ='Carac Orig'!C4*$C$14 -> 92.15 | D4: ='Carac Orig'!D4*$D$14 -> 7107 | E4: ='Carac Orig'!E4*$E$14 -> 66.95 | F4: ='Carac Orig'!F4*$F$14 -> 4590 | G4: ='Carac Orig'!G4*$G$14 -> 42.23
A5: ='Carac Orig'!A5 -> 1650 | B5: ='Carac Orig'!B5 -> 16000 | C5: ='Carac Orig'!C5*$C$14 -> 92.15 | D5: ='Carac Orig'!D5*$D$14 -> 10506 | E5: ='Carac Orig'!E5*$E$14 -> 66.95 | F5: ='Carac Orig'!F5*$F$14 -> 6324 | G5: ='Carac Orig'!G5*$G$14 -> 42.23
A6: ='Carac Orig'!A6 -> 2000 | B6: ='Carac Orig'!B6 -> 17800 | C6: ='Carac Orig'!C6*$C$14 -> 82.45 | D6: ='Carac Orig'!D6*$D$14 -> 13493 | E6: ='Carac Orig'!E6*$E$14 -> 66.95 | F6: ='Carac Orig'!F6*$F$14 -> 8670 | G6: ='Carac Orig'!G6*$G$14 -> 42.23
A7: ='Carac Orig'!A7 -> 2300 | B7: ='Carac Orig'!B7 -> 17500 | C7: ='Carac Orig'!C7*$C$14 -> 70.81 | D7: ='Carac Orig'!D7*$D$14 -> 15965 | E7: ='Carac Orig'!E7*$E$14 -> 66.95 | F7: ='Carac Orig'!F7*$F$14 -> 10200 | G7: ='Carac Orig'!G7*$G$14 -> 42.23
A8: ='Carac Orig'!A8 -> 2500 | B8: ='Carac Orig'!B8 -> 16000 | C8: ='Carac Orig'!C8*$C$14 -> 61.11 | D8: ='Carac Orig'!D8*$D$14 -> 14420 | E8: ='Carac Orig'!E8*$E$14 -> 56.65 | F8: ='Carac Orig'!F8*$F$14 -> 11220 | G8: ='Carac Orig'!G8*$G$14 -> 42.23
A9: ='Carac Orig'!A9 -> 3000 | B9: ='Carac Orig'!B9 -> 14700 | C9: ='Carac Orig'!C9*$C$14 -> 45.59 | D9: ='Carac Orig'!D9*$D$14 -> 13390 | E9: ='Carac Orig'!E9*$E$14 -> 44.29 | F9: ='Carac Orig'!F9*$F$14 -> 12240 | G9: ='Carac Orig'!G9*$G$14 -> 39.14
A10: ='Carac Orig'!A10 -> 3500 | B10: ='Carac Orig'!B10 -> 11900 | C10: ='Carac Orig'!C10*$C$14 -> 31.04 | D10: ='Carac Orig'!D10*$D$14 -> 11845 | E10: ='Carac Orig'!E10*$E$14 -> 31.93 | F10: ='Carac Orig'!F10*$F$14 -> 11220 | G10: ='Carac Orig'!G10*$G$14 -> 30.9
A11: ='Carac Orig'!A11 -> 4000 | B11: ='Carac Orig'!B11 -> 10100 | C11: ='Carac Orig'!C11*$C$14 -> 24.25 | D11: ='Carac Orig'!D11*$D$14 -> 10403 | E11: ='Carac Orig'!E11*$E$14 -> 25.75 | F11: ='Carac Orig'!F11*$F$14 -> 10302 | G11: ='Carac Orig'!G11*$G$14 -> 25.75
A12: ='Carac Orig'!A12 -> 4500 | B12: ='Carac Orig'!B12 -> 9500 | C12: ='Carac Orig'!C12*$C$14 -> 19.4 | D12: ='Carac Orig'!D12*$D$14 -> 9785 | E12: ='Carac Orig'!E12*$E$14 -> 20.6 | F12: ='Carac Orig'!F12*$F$14 -> 9690 | G12: ='Carac Orig'!G12*$G$14 -> 20.6
A14: facteur random | C14: =RANDBETWEEN(97, 103)/100 -> 0.97 | D14: =RANDBETWEEN(97, 103)/100 -> 1.03 | E14: =RANDBETWEEN(97, 103)/100 -> 1.03 | F14: =RANDBETWEEN(97, 103)/100 -> 1.02 | G14: =RANDBETWEEN(97, 103)/100 -> 1.03

Sheet Carac frozen modification
A1: Vitesse (RPM) | B1: Puissance 5 min (W) | C1: Couple 5 min (Nm) | D1: Puissance 30 min (W) | E1: Couple 30 min (Nm) | F1: Puissance 60 min (W) | G1: Couple 60 min (Nm)
A2: 200 | B2: 2000 | C2: 96.9 | D2: 1287 | E2: 65.65 | F2: 618 | G2: 41.41
A3: 500 | B3: 5000 | C3: 96.9 | D3: 3663 | E3: 65.65 | F3: 2575 | G3: 41.41
A4: 1000 | B4: 10000 | C4: 96.9 | D4: 6831 | E4: 65.65 | F4: 4635 | G4: 41.41
A5: 1650 | B5: 16000 | C5: 96.9 | D5: 10098 | E5: 65.65 | F5: 6386 | G5: 41.41
A6: 2000 | B6: 17800 | C6: 86.7 | D6: 12969 | E6: 65.65 | F6: 8755 | G6: 41.41
A7: 2300 | B7: 17500 | C7: 74.46 | D7: 15345 | E7: 65.65 | F7: 10300 | G7: 41.41
A8: 2500 | B8: 16000 | C8: 64.26 | D8: 13860 | E8: 55.55 | F8: 11330 | G8: 41.41
A9: 3000 | B9: 14700 | C9: 47.94 | D9: 12870 | E9: 43.43 | F9: 12360 | G9: 38.38
A10: 3500 | B10: 11900 | C10: 32.64 | D10: 11385 | E10: 31.31 | F10: 11330 | G10: 30.3
A11: 4000 | B11: 10100 | C11: 25.5 | D11: 9999 | E11: 25.25 | F11: 10403 | G11: 25.25
A12: 4500 | B12: 9500 | C12: 20.4 | D12: 9405 | E12: 20.2 | F12: 9785 | G12: 20.2
